k,brand,model,spin,descent,spin_z,desc_z,nsrc,moi,vcog_eff,loft,category,mgs,moi_z,green,score
wilson|staffc,WILSON,Staff CB,6007.0,49.0,1.8540948309030154,1.7856873313329553,1,,,,category,,0.0,3.6397821622359707,3.6397821622359707
ping|i240,PING,i240,5916.0,46.29,1.038639370884523,0.9853448540296936,2,15.8352,0.87,30.0,Conventional,,0.9254909148521351,2.0239842249142166,3.0643769567959245
mizuno|pros1,MIZUNO,Pro S-1,6113.0,46.8,1.4414239044735766,1.5702359890599513,1,,,,category,,0.0,3.011659893533528,3.011659893533528
ballistic|cb,Ballistic,CB,6124.0,46.19,1.4703324359703214,1.1969305560884451,1,,,,category,,0.0,2.6672629920587667,2.6672629920587667
takomo|201tmk,Takomo,201T MKII,6040.0,46.63,1.3187310991827865,1.3452175352559554,1,,,,category,,0.0,2.663948634438742,2.663948634438742
wilson|staffm,WILSON,Staff Model XB,5905.5,45.68,1.2176244463922272,1.0066434062913066,3,,,,category,,0.0,2.2242678526835338,2.5242678526835336
lagolf|cb26,LA GOLF,CB-26,6058.0,45.79,1.3512170999229727,1.0621242113907106,1,,,,category,,0.0,2.4133413113136832,2.4133413113136832
wilson|staffd,WILSON,Staff Dynapwr,5604.0,45.8,0.405933515167133,0.6846365158374182,1,16.505,0.844,24.0,Conventional,8.5,1.3009004931311476,1.0905700310045512,2.1712904255094694
wilson|dynapw,Wilson,DYNAPWR Forged,5277.0,47.0,0.36124265513153325,0.33327649251458225,2,16.505,0.844,24.0,Conventional,8.5,1.3009004931311476,0.6945191476461154,2.0752395421510332
titleist|t100,Titleist,T100,5991.0,46.07,1.2302969860567246,1.1564886526791256,1,13.2923,0.74,29.5,Game Improvement,,-0.49975395914861676,2.38678563873585,1.9869824714169568
wilson|staffx,WILSON,Staff XB,5467.0,48.0,0.9332291526435273,0.9615239476408213,1,,,,category,,0.0,1.8947531002843485,1.8947531002843485
callaway|xforge,CALLAWAY,X Forged,6165.0,46.2,1.5472107418879872,1.0388763051264365,1,12.6395,0.795,27.0,Conventional,,-0.8656353755423755,2.5860870470144235,1.893578746580523
