rank,club,loft_7i_deg,lie_7i_deg,length_7i,offset_7i,bounce_7i_deg,blade_length_toe_heel,sole_width,source
1,Ping i240,33.0,62.0,"37""","0.09""",9.0,n/p,n/p,ping.com (live)
2,Wilson Staff Dynapwr,,,,,,n/p,n/p,NOT SOURCED (need URL)
3,Titleist T150,32.0,63.0,"37""",not published,not published,n/p,n/p,titleist.com (live)
4,TaylorMade Qi4D Max HL,,,,,,n/p,n/p,NOT SOURCED (bot-blocked SPA)
5,Mizuno Pro M-13,,,,,,n/p,n/p,NOT SOURCED (need URL)
6,Wilson DynaPWR Forged,,,,,,n/p,n/p,NOT SOURCED (need URL)
7,Callaway Apex Ti Fusion,,,,,,n/p,n/p,NOT SOURCED (need URL)
8,PXG 0311 P Gen 8,,,,,,n/p,n/p,NOT SOURCED (SPA/URL)
9,Maltby TS3.5 Forged,29.0,62.5,(build),"0.105""",4.0,"3.153""","0.900""",golfworks.com (live)
10,Ping G740,28.0,63.0,"37""","0.19""",9.1,n/p,n/p,ping.com (live)
